{"X_nad": -669785.601, "Z_nad": 3887010.739, "analysis": {"21_08_29_03_22_47": {"network": "VZ", "error_ecef": {"xyz": [-0.07846794871147722, 0.047483562491834164, 0.04563997266814113], "acc": 0.1024446913561245, "dev": 0.16557326872316078}, "error_ned": {"ned": [-0.05852593268326485, 0.08407514169945904, -0.0010003286008327637], "h_acc": 0.10243980792753453, "h_dev": 0.14998104176456292}, "fix_rate": 0.5329768270944741, "convergence_time": 74}, "21_08_29_03_22_48": {"network": "SW", "error_ecef": {"xyz": [0.08463676273822784, 0.7843502964824438, 0.5058699129149318], "acc": 0.9371622794326846, "dev": 0.824151700474361}, "error_ned": {"ned": [-0.8830089224714106, 0.02019664295463791, -0.31330573480737445], "h_acc": 0.8832398663730927, "h_dev": 0.6203525127139533}, "fix_rate": 0.0, "convergence_time": 1}, "21_08_29_03_22_49": {"network": "P1", "error_ecef": {"xyz": [-0.0296861263923347, 0.39179166592657566, -0.23648905660957098], "acc": 0.4585946461590977, "dev": 0.9986357686314548}, "error_ned": {"ned": [-0.048626319652147226, 0.08141513537176552, -0.44868265425443876], "h_acc": 0.0948311300708565, "h_dev": 0.7267595928466847}, "fix_rate": 0.057932263814616754, "convergence_time": 68}, "21_08_29_19_40_15": {"network": "SNKS", "error_ecef": {"xyz": [-0.0779283830197528, -0.05345035158097744, 0.08906651986762881], "acc": 0.12985614319520702, "dev": 0.17829675780015747}, "error_ned": {"ned": [-0.03159210728183299, 0.07014622593548865, 0.10461388336840646], "h_acc": 0.07693214058830981, "h_dev": 0.14853388159800468}, "fix_rate": 0.7128547579298832, "convergence_time": 1}}, "logs": [["21_08_29_03_22_47", "VZ"], ["21_08_29_03_22_48", "SW"], ["21_08_29_03_22_49", "P1"], ["21_08_29_19_40_15", "SNKS"], ["21_08_31_01_07_09", "SNKS"], ["21_08_31_01_07_10", "VZ"], ["21_08_31_01_07_11", "SW"], ["21_08_31_01_07_12", "P1"], ["21_08_31_01_29_03", "SNKS"], ["21_08_31_01_29_04", "VZ"], ["21_08_31_01_29_05", "SW"], ["21_08_31_01_29_06", "P1"], ["21_08_31_01_36_59", "SNKS"], ["21_08_31_01_37_00", "VZ"], ["21_08_31_01_37_01", "SW"], ["21_08_31_01_37_02", "P1"], ["21_08_31_01_39_03", "SNKS"], ["21_08_31_01_39_04", "VZ"], ["21_08_31_01_39_05", "SW"], ["21_08_31_01_39_06", "P1"], ["21_08_31_01_41_02", "SNKS"], ["21_08_31_01_41_03", "VZ"], ["21_08_31_01_41_04", "SW"], ["21_08_31_01_41_05", "P1"], ["21_08_31_01_43_43", "SNKS"], ["21_08_31_01_43_44", "VZ"], ["21_08_31_01_43_45", "SW"], ["21_08_31_01_43_46", "P1"], ["21_08_31_01_48_52", "SNKS"], ["21_08_31_01_48_53", "VZ"], ["21_08_31_01_48_54", "SW"], ["21_08_31_01_48_55", "P1"]], "X_itrf": -669786.349, "solutions": {"21_08_29_03_22_47": {"network": "VZ", "data": "ITRF", "epoch": "2010", "convergence_time": 60, "X": -669786.4274679488, "Y": -5002658.381516437, "Z": 3887010.6736399727, "X_dev": 0.1366403201667967, "Y_dev": 0.0775480369866225, "Z_dev": 0.05225162370595513}, "21_08_29_03_22_48": {"network": "SW", "data": "ITRF", "epoch": "2021", "convergence_time": 60, "X": -669786.4383632373, "Y": -5002657.673649703, "Z": 3887011.161869913, "X_dev": 0.365511638464839, "Y_dev": 0.6081457305058792, "Z_dev": 0.41926845577624877}, "21_08_29_03_22_49": {"network": "P1", "data": "ITRF", "epoch": "2021", "convergence_time": 60, "X": -669786.5526861264, "Y": -5002658.066208334, "Z": 3887010.4195109433, "X_dev": 0.3848599859262507, "Y_dev": 0.7901115824287581, "Z_dev": 0.4742150112922473}, "21_08_29_19_40_15": {"network": "SNKS", "data": "NAD83", "epoch": "2010", "convergence_time": 60, "X": -669785.678928383, "Y": -5002659.852450351, "Z": 3887010.82806652, "X_dev": 0.11682619852491716, "Y_dev": 0.10778221762914825, "Z_dev": 0.08077355225076822}}, "lat": 37.786672075, "Y_itrf": -5002658.429, "Y_nad": -5002659.799, "name": "ict5", "lon": -97.62574775277777, "state": "KS", "epoch": 2010, "Z_itrf": 3887010.628, "opus": {"X_nad": -669785.611, "X_nad_dev": 0.011, "X_itrf": -669786.523, "X_itrf_dev": 0.011, "Y_nad": -5002659.831, "Y_nad_dev": 0.023, "Y_itrf": -5002658.458, "Y_itrf_dev": 0.023, "Z_nad": 3887010.794, "Z_nad_dev": 0.024, "Z_itrf": 3887010.656, "Z_itrf_dev": 0.024}}