{"X_nad": -623611.436, "Z_nad": 3435421.246, "analysis": {"21_08_28_19_51_18": {"network": "SNTX", "error_ecef": {"xyz": [-0.021346315857954323, -0.07515578996390104, 0.042656632140278816], "acc": 0.08901486522686325, "dev": 0.054393299092403785}, "error_ned": {"ned": [0.0059246261864659144, 0.01246852791350981, 0.08793794181753153], "h_acc": 0.013804542143053166, "h_dev": 0.038000092587968506}, "fix_rate": 0.8934579439252337, "convergence_time": -1}, "21_08_28_19_51_19": {"network": "VZ", "error_ecef": {"xyz": [-0.017079085111618042, -0.06740348599851131, 0.047226579394191504], "acc": 0.08405518945477, "dev": 0.023055237709382406}, "error_ned": {"ned": [-0.002356355743478887, 0.009131019516372196, 0.08352453093335431], "h_acc": 0.009430160645407684, "h_dev": 0.01768527227114027}, "fix_rate": 0.8670520231213873, "convergence_time": -1}, "21_08_28_19_51_20": {"network": "SW", "error_ecef": {"xyz": [-0.08789305260870606, 0.09441052656620741, 0.09779200004413724], "acc": 0.16186973619555284, "dev": 0.23383188411388908}, "error_ned": {"ned": [-0.12746456580358523, 0.09826825872783912, -0.017261097132517896], "h_acc": 0.16094678067267465, "h_dev": 0.17387128254739692}, "fix_rate": 0.0, "convergence_time": -1}, "21_08_28_19_51_21": {"network": "P1", "error_ecef": {"xyz": [-0.19349345983937383, -0.09299113880842924, -0.08572784811258316], "acc": 0.23116300491106714, "dev": 0.38048576963097314}, "error_ned": {"ned": [0.13427263148513624, 0.18137698870534955, 0.05009574507150362], "h_acc": 0.22566956285189127, "h_dev": 0.28416530121667216}, "fix_rate": 0.43820224719101125, "convergence_time": -1}}, "logs": [["21_08_28_19_51_18", "SNTX"], ["21_08_28_19_51_19", "VZ"], ["21_08_28_19_51_20", "SW"], ["21_08_28_19_51_21", "P1"]], "X_itrf": -623612.166, "solutions": {"21_08_28_19_51_18": {"network": "SNTX", "data": "NAD83", "epoch": "2010", "convergence_time": 60, "X": -623611.4573463158, "Y": -5330304.75715579, "Z": 3435421.288656632, "X_dev": 0.007303222224991505, "Y_dev": 0.04048827954650782, "Z_dev": 0.035580797498818394}, "21_08_28_19_51_19": {"network": "VZ", "data": "ITRF", "epoch": "2010", "convergence_time": 60, "X": -623612.1830790851, "Y": -5330303.317403486, "Z": 3435421.1402265793, "X_dev": 0.008722372408719344, "Y_dev": 0.014461070469154683, "Z_dev": 0.015695274648309995}, "21_08_28_19_51_20": {"network": "SW", "data": "ITRF", "epoch": "2021", "convergence_time": 60, "X": -623612.3828930527, "Y": -5330303.217589473, "Z": 3435421.189792, "X_dev": 0.08184082505842713, "Y_dev": 0.15977938083822446, "Z_dev": 0.149833170029072}, "21_08_28_19_51_21": {"network": "P1", "data": "ITRF", "epoch": "2021", "convergence_time": 60, "X": -623612.4884934599, "Y": -5330303.404991139, "Z": 3435421.006272152, "X_dev": 0.18741393855813832, "Y_dev": 0.27942312620985327, "Z_dev": 0.17767428926243864}}, "lat": 32.79997983055556, "Y_itrf": -5330303.25, "Y_nad": -5330304.682, "name": "txda", "lon": -96.67290368333333, "state": "TX", "epoch": 2010, "Z_itrf": 3435421.093, "opus": {"X_nad": -623611.416, "X_nad_dev": 0.01, "X_itrf": -623612.295, "X_itrf_dev": 0.01, "Y_nad": -5330304.746, "Y_nad_dev": 0.013, "Y_itrf": -5330303.312, "Y_itrf_dev": 0.013, "Z_nad": 3435421.272, "Z_nad_dev": 0.006, "Z_itrf": 3435421.092, "Z_itrf_dev": 0.006}}